,tpi
2016/1/3 0:00,0.22083900724016126
2016/1/3 0:05,0.20430352333177418
2016/1/3 0:10,0.19120744122177422
2016/1/3 0:15,0.1927696232688709
2016/1/3 0:20,0.19484461601564515
2016/1/3 0:25,0.1885116684737097
2016/1/3 0:30,0.1758440778195159
2016/1/3 0:35,0.1923416227462903
2016/1/3 0:40,0.18879465370548393
2016/1/3 0:45,0.17620320002435483
2016/1/3 0:50,0.1811843768459677
2016/1/3 0:55,0.16843051903935483
2016/1/3 1:00,0.171253360515
2016/1/3 1:05,0.1605299172524193
2016/1/3 1:10,0.1658595780075806
2016/1/3 1:15,0.1641342356141935
2016/1/3 1:20,0.16643592361564516
2016/1/3 1:25,0.15629583214741946
2016/1/3 1:30,0.14225889716577414
2016/1/3 1:35,0.16276251739016126
2016/1/3 1:40,0.15839497795854834
2016/1/3 1:45,0.15507901283822573
2016/1/3 1:50,0.16081697790758065
2016/1/3 1:55,0.14598847201806445
2016/1/3 2:00,0.14043534190708057
2016/1/3 2:05,0.14397326366838714
2016/1/3 2:10,0.15736963780506452
2016/1/3 2:15,0.15291390012503225
2016/1/3 2:20,0.15095295919964516
2016/1/3 2:25,0.13733969055404838
2016/1/3 2:30,0.13866060423653218
2016/1/3 2:35,0.14120852534375802
2016/1/3 2:40,0.15164411377722578
2016/1/3 2:45,0.13733969055404838
2016/1/3 2:50,0.14348811591266142
2016/1/3 2:55,0.13071888920009672
2016/1/3 3:00,0.13183807827329033
2016/1/3 3:05,0.13345142066956453
2016/1/3 3:10,0.13588952984585462
2016/1/3 3:15,0.13159386928748368
2016/1/3 3:20,0.12433468457038707
2016/1/3 3:25,0.1320313725397257
2016/1/3 3:30,0.13346917175009654
2016/1/3 3:35,0.11967843556509666
2016/1/3 3:40,0.13817045194230643
2016/1/3 3:45,0.12356704239038713
2016/1/3 3:50,0.1347449009300484
2016/1/3 3:55,0.12763555217285472
2016/1/3 4:00,0.11531618142204834
2016/1/3 4:05,0.1305050940810804
2016/1/3 4:10,0.12421569966479018
2016/1/3 4:15,0.12836178148172578
2016/1/3 4:20,0.11861552596243548
2016/1/3 4:25,0.12904388788188711
2016/1/3 4:30,0.12891811736729025
2016/1/3 4:35,0.132747360025258
2016/1/3 4:40,0.14602867426693542
2016/1/3 4:45,0.15086895954241933
2016/1/3 4:50,0.1567900636640323
2016/1/3 4:55,0.14528579675375805
2016/1/3 5:00,0.14915824463096777
2016/1/3 5:05,0.14772182096754838
2016/1/3 5:10,0.13810485597093544
2016/1/3 5:15,0.14904273758790315
2016/1/3 5:20,0.16066772279274197
2016/1/3 5:25,0.14840968901354842
2016/1/3 5:30,0.15662404361790322
2016/1/3 5:35,0.1685634741820968
2016/1/3 5:40,0.19817303799209654
2016/1/3 5:45,0.20538632756903227
2016/1/3 5:50,0.1856391775904838
2016/1/3 5:55,0.16444707510435483
2016/1/3 6:00,0.17316758760161285
2016/1/3 6:05,0.17902546653129034
2016/1/3 6:10,0.17545159038661284
2016/1/3 6:15,0.18935411454129025
2016/1/3 6:20,0.19120744122177422
2016/1/3 6:25,0.20315005899322577
2016/1/3 6:30,0.18103242613967738
2016/1/3 6:35,0.20323205955741935
2016/1/3 6:40,0.2106220289954838
2016/1/3 6:45,0.21916483830435488
2016/1/3 6:50,0.21926372455354834
2016/1/3 6:55,0.18583934550096773
2016/1/3 7:00,0.19730121692693547
2016/1/3 7:05,0.18561409215403224
2016/1/3 7:10,0.20281196924854833
2016/1/3 7:15,0.19769308598370963
2016/1/3 7:20,0.21293221347161295
2016/1/3 7:25,0.21633893567758064
2016/1/3 7:30,0.22270063414032248
2016/1/3 7:35,0.23717510471967743
2016/1/3 7:40,0.23738225667629032
2016/1/3 7:45,0.25249049371451604
2016/1/3 7:50,0.24559323417161288
2016/1/3 7:55,0.2300955634069354
2016/1/3 8:00,0.23382868906193546
2016/1/3 8:05,0.2294797464179032
2016/1/3 8:10,0.2596632322812903
2016/1/3 8:15,0.25597968937661286
2016/1/3 8:20,0.25802254497080646
2016/1/3 8:25,0.2514413742166129
2016/1/3 8:30,0.2713728178324193
2016/1/3 8:35,0.2810603100566128
2016/1/3 8:40,0.3020457481840322
2016/1/3 8:45,0.30938267713854833
2016/1/3 8:50,0.2982558524954839
2016/1/3 8:55,0.30751073029887094
2016/1/3 9:00,0.2721453674312903
2016/1/3 9:05,0.2793976858693548
2016/1/3 9:10,0.2973737394803225
2016/1/3 9:15,0.29681995648951603
2016/1/3 9:20,0.2994402915137096
2016/1/3 9:25,0.3116095300277417
2016/1/3 9:30,0.3226698468201613
2016/1/3 9:35,0.32252009072419346
2016/1/3 9:40,0.34974071234887094
2016/1/3 9:45,0.3644287337914514
2016/1/3 9:50,0.37908170369822564
2016/1/3 9:55,0.3509255227045161
2016/1/3 10:00,0.31645780817532254
2016/1/3 10:05,0.3466560208267741
2016/1/3 10:10,0.3367775849090321
2016/1/3 10:15,0.3516480954480644
2016/1/3 10:20,0.3514805112390322
2016/1/3 10:25,0.358498274703387
2016/1/3 10:30,0.37810633506903213
2016/1/3 10:35,0.3949664240158065
2016/1/3 10:40,0.39206009619064525
2016/1/3 10:45,0.4330365302598388
2016/1/3 10:50,0.4084906670812903
2016/1/3 10:55,0.41377626365
2016/1/3 11:00,0.3933136501550001
2016/1/3 11:05,0.41028863397032234
2016/1/3 11:10,0.38159010020048384
2016/1/3 11:15,0.40551796096612897
2016/1/3 11:20,0.39144775615774174
2016/1/3 11:25,0.39472944181370956
2016/1/3 11:30,0.4000161418914516
2016/1/3 11:35,0.41545729016935495
2016/1/3 11:40,0.4426592754117743
2016/1/3 11:45,0.40596208865193545
2016/1/3 11:50,0.40577866964354814
2016/1/3 11:55,0.4063901882241936
2016/1/3 12:00,0.4032619870314515
2016/1/3 12:05,0.42507986611354837
2016/1/3 12:10,0.39065798286725784
2016/1/3 12:15,0.4256109874082257
2016/1/3 12:20,0.41680257731645165
2016/1/3 12:25,0.4188330871248387
2016/1/3 12:30,0.4222776776943547
2016/1/3 12:35,0.4088779843048387
2016/1/3 12:40,0.4338285418770967
2016/1/3 12:45,0.40330455599935466
2016/1/3 12:50,0.4128939557009679
2016/1/3 12:55,0.41200283822596767
2016/1/3 13:00,0.398025597803387
2016/1/3 13:05,0.4016963100448387
2016/1/3 13:10,0.4073086229937096
2016/1/3 13:15,0.4148867172101611
2016/1/3 13:20,0.4191673970896775
2016/1/3 13:25,0.40985003023387073
2016/1/3 13:30,0.4082415491853225
2016/1/3 13:35,0.41936552314225806
2016/1/3 13:40,0.40495657506419364
2016/1/3 13:45,0.4107294104530644
2016/1/3 13:50,0.4129554592825806
2016/1/3 13:55,0.4100021836041935
2016/1/3 14:00,0.40937466511338694
2016/1/3 14:05,0.4148140571093548
2016/1/3 14:10,0.4090623392417741
2016/1/3 14:15,0.40126378795564493
2016/1/3 14:20,0.4260554172883869
2016/1/3 14:25,0.40211985207548373
2016/1/3 14:30,0.42507986611354837
2016/1/3 14:35,0.4130418208900001
2016/1/3 14:40,0.41182529980483856
2016/1/3 14:45,0.42624577397854846
2016/1/3 14:50,0.38996261085903217
2016/1/3 14:55,0.40783017573661295
2016/1/3 15:00,0.3820410578091936
2016/1/3 15:05,0.39616689424048374
2016/1/3 15:10,0.38852262334661297
2016/1/3 15:15,0.397627632208871
2016/1/3 15:20,0.36727465724483854
2016/1/3 15:25,0.37436467373016125
2016/1/3 15:30,0.391014821761774
2016/1/3 15:35,0.3924665132122579
2016/1/3 15:40,0.39374527739870974
2016/1/3 15:45,0.3861518424462903
2016/1/3 15:50,0.38741307515177414
2016/1/3 15:55,0.36635213899806457
2016/1/3 16:00,0.3475931051420969
2016/1/3 16:05,0.3616852891793548
2016/1/3 16:10,0.3727055215288707
2016/1/3 16:15,0.3598221829637097
2016/1/3 16:20,0.35009950377629007
2016/1/3 16:25,0.3693232165066129
2016/1/3 16:30,0.3678225779858064
2016/1/3 16:35,0.38880235116661294
2016/1/3 16:40,0.3718285840574195
2016/1/3 16:45,0.3707732769496774
2016/1/3 16:50,0.36548560479370956
2016/1/3 16:55,0.3440806269588709
2016/1/3 17:00,0.36343623927645147
2016/1/3 17:05,0.3730960517395161
2016/1/3 17:10,0.36900246492322575
2016/1/3 17:15,0.3664972386535482
2016/1/3 17:20,0.37030634274887086
2016/1/3 17:25,0.3502965914732258
2016/1/3 17:30,0.3438001957691935
2016/1/3 17:35,0.35082682760967754
2016/1/3 17:40,0.35644277449806444
2016/1/3 17:45,0.36438662302887104
2016/1/3 17:50,0.34060424489209673
2016/1/3 17:55,0.34867878762129023
2016/1/3 18:00,0.3285296739332257
2016/1/3 18:05,0.36291146303338706
2016/1/3 18:10,0.32076585514419365
2016/1/3 18:15,0.330880619155484
2016/1/3 18:20,0.3456052920293548
2016/1/3 18:25,0.3169033981817741
2016/1/3 18:30,0.32737264211145145
2016/1/3 18:35,0.3262789834258062
2016/1/3 18:40,0.33346542821096764
2016/1/3 18:45,0.32609100486161285
2016/1/3 18:50,0.34026735069548386
2016/1/3 18:55,0.32064949916967744
2016/1/3 19:00,0.2951170230906451
2016/1/3 19:05,0.29565734866322557
2016/1/3 19:10,0.31071797255370964
2016/1/3 19:15,0.3219873427225806
2016/1/3 19:20,0.29066265981854833
2016/1/3 19:25,0.2624964687662903
2016/1/3 19:30,0.2828081506969355
2016/1/3 19:35,0.30403409879096777
2016/1/3 19:40,0.299211792871129
2016/1/3 19:45,0.28798756461709674
2016/1/3 19:50,0.3237598733701612
2016/1/3 19:55,0.2989891134966129
2016/1/3 20:00,0.2929654117280645
2016/1/3 20:05,0.2924504283783871
2016/1/3 20:10,0.2890181570345159
2016/1/3 20:15,0.27881279851016116
2016/1/3 20:20,0.26809012945838706
2016/1/3 20:25,0.2731774844791935
2016/1/3 20:30,0.26890613696838694
2016/1/3 20:35,0.2810070156232258
2016/1/3 20:40,0.30572390719225784
2016/1/3 20:45,0.2846160262990322
2016/1/3 20:50,0.28424821565
2016/1/3 20:55,0.30011849792709655
2016/1/3 21:00,0.29166563972693543
2016/1/3 21:05,0.2730374076387096
2016/1/3 21:10,0.26939675240903216
2016/1/3 21:15,0.24345904026193554
2016/1/3 21:20,0.261426711162258
2016/1/3 21:25,0.2540126432054839
2016/1/3 21:30,0.24667196345725806
2016/1/3 21:35,0.23164233017499988
2016/1/3 21:40,0.24288325414741935
2016/1/3 21:45,0.22670630759161267
2016/1/3 21:50,0.2407343264775806
2016/1/3 21:55,0.2417298686946774
2016/1/3 22:00,0.21159313671387092
2016/1/3 22:05,0.2514413742166129
2016/1/3 22:10,0.22126577834064512
2016/1/3 22:15,0.23097204515870964
2016/1/3 22:20,0.22065665100919368
2016/1/3 22:25,0.2118237706633871
2016/1/3 22:30,0.2208142783675806
2016/1/3 22:35,0.22796578058338704
2016/1/3 22:40,0.2385286184314516
2016/1/3 22:45,0.21132552579
2016/1/3 22:50,0.2179867800908064
2016/1/3 22:55,0.20933091572370963
2016/1/3 23:00,0.20036662655129028
2016/1/3 23:05,0.18598807260758063
2016/1/3 23:10,0.18717259171596767
2016/1/3 23:15,0.1678131360125804
2016/1/3 23:20,0.16964902016032254
2016/1/3 23:25,0.15644455570806445
2016/1/3 23:30,0.18015775524870958
2016/1/3 23:35,0.16714868944161287
2016/1/3 23:40,0.173706038835645
2016/1/3 23:45,0.1659351821559676
2016/1/3 23:50,0.16497993456629026
2016/1/3 23:55,0.16178926523387088
2016/1/4 0:00,0.1388277644302257
2016/1/4 0:05,0.16569681435919348
2016/1/4 0:10,0.1636187793837097
2016/1/4 0:15,0.15465027998499997
2016/1/4 0:20,0.16350337263322567
2016/1/4 0:25,0.1427939124658871
2016/1/4 0:30,0.14429626995529032
2016/1/4 0:35,0.14018892752114515
2016/1/4 0:40,0.15132722151032257
2016/1/4 0:45,0.13551998850364497
2016/1/4 0:50,0.1495752007230323
2016/1/4 0:55,0.12972749211043538
2016/1/4 1:00,0.13817045194230643
2016/1/4 1:05,0.12854307908649995
2016/1/4 1:10,0.13519379577343543
2016/1/4 1:15,0.13891343748058063
2016/1/4 1:20,0.1338608003397903
2016/1/4 1:25,0.13424379428343527
2016/1/4 1:30,0.12972749211043538
2016/1/4 1:35,0.1280027899012258
2016/1/4 1:40,0.1225278670234838
2016/1/4 1:45,0.12316730219641933
2016/1/4 1:50,0.13135961001246785
2016/1/4 1:55,0.13013704079387095
2016/1/4 2:00,0.12704227831103226
2016/1/4 2:05,0.11602115138430646
2016/1/4 2:10,0.13171978563533862
2016/1/4 2:15,0.13876109031224207
2016/1/4 2:20,0.11801195417011284
2016/1/4 2:25,0.13147382778509661
2016/1/4 2:30,0.13670827472329009
2016/1/4 2:35,0.12196880807643551
2016/1/4 2:40,0.1308740989185968
2016/1/4 2:45,0.1329204221802096
2016/1/4 2:50,0.14016408262172575
2016/1/4 2:55,0.13641535480048383
2016/1/4 3:00,0.12712692949788698
2016/1/4 3:05,0.13593515805943537
2016/1/4 3:10,0.1357768717737419
2016/1/4 3:15,0.11929168156324191
2016/1/4 3:20,0.13802329478259684
2016/1/4 3:25,0.1417980609401452
2016/1/4 3:30,0.15001098326145154
2016/1/4 3:35,0.14937667839161287
2016/1/4 3:40,0.16696214962499992
2016/1/4 3:45,0.17115719376887076
2016/1/4 3:50,0.17053146345112885
2016/1/4 3:55,0.1713544259854838
2016/1/4 4:00,0.16237451286161267
2016/1/4 4:05,0.16129816086532253
2016/1/4 4:10,0.1848022364125805
2016/1/4 4:15,0.1996803517464516
2016/1/4 4:20,0.2111207835746774
2016/1/4 4:25,0.21999601239387095
2016/1/4 4:30,0.2472126591664516
2016/1/4 4:35,0.2710397148527419
2016/1/4 4:40,0.31089824172241926
2016/1/4 4:45,0.33381247422145155
2016/1/4 4:50,0.3648081240862903
2016/1/4 4:55,0.29933855248548386
2016/1/4 5:00,0.2789229321048385
2016/1/4 5:05,0.24137337578532267
2016/1/4 5:10,0.27440136618145156
2016/1/4 5:15,0.31073248911564516
2016/1/4 5:20,0.323790319185
2016/1/4 5:25,0.339225232811129
2016/1/4 5:30,0.35525766960145155
2016/1/4 5:35,0.4033309979125805
2016/1/4 5:40,0.4465227116646773
2016/1/4 5:45,0.4549237486458062
2016/1/4 5:50,0.4793940308129033
2016/1/4 5:55,0.4282365423477417
2016/1/4 6:00,0.4354413520020969
2016/1/4 6:05,0.4394091323325805
2016/1/4 6:10,0.47622307979096773
2016/1/4 6:15,0.49702838174887115
2016/1/4 6:20,0.5400083640946772
2016/1/4 6:25,0.5627609881561291
2016/1/4 6:30,0.5367572784809675
2016/1/4 6:35,0.5053882598564515
2016/1/4 6:40,0.5137798493374193
2016/1/4 6:45,0.5327855635898385
2016/1/4 6:50,0.5271112984414514
2016/1/4 6:55,0.5778725246072579
2016/1/4 7:00,0.5404215943369355
2016/1/4 7:05,0.5831860346820968
2016/1/4 7:10,0.5822399318637097
2016/1/4 7:15,0.606969515199516
2016/1/4 7:20,0.6654353286048386
2016/1/4 7:25,0.7065172192704839
2016/1/4 7:30,0.7016478153004838
2016/1/4 7:35,0.651125466699516
2016/1/4 7:40,0.6423167747208065
2016/1/4 7:45,0.6802753235035482
2016/1/4 7:50,0.6948393041720966
2016/1/4 7:55,0.6901521333680642
2016/1/4 8:00,0.6145257658514516
2016/1/4 8:05,0.6113525623664515
2016/1/4 8:10,0.6015814003537094
2016/1/4 8:15,0.5959188086272579
2016/1/4 8:20,0.5935875016083871
2016/1/4 8:25,0.5967938706995162
2016/1/4 8:30,0.6039400919954836
2016/1/4 8:35,0.5941202069208065
2016/1/4 8:40,0.602890972328387
2016/1/4 8:45,0.6085305501911288
2016/1/4 8:50,0.591766898143871
2016/1/4 8:55,0.5507151803730643
2016/1/4 9:00,0.5697607125296773
2016/1/4 9:05,0.5876653114080643
2016/1/4 9:10,0.5681438186503225
2016/1/4 9:15,0.5027466926570969
2016/1/4 9:20,0.45377743614080646
2016/1/4 9:25,0.45692747152161295
2016/1/4 9:30,0.45608213115306434
2016/1/4 9:35,0.4589521203312904
2016/1/4 9:40,0.46103258436403216
2016/1/4 9:45,0.4654404203796774
2016/1/4 9:50,0.4397801496233872
2016/1/4 9:55,0.4487351228595162
2016/1/4 10:00,0.4397828713859677
2016/1/4 10:05,0.4448784935138708
2016/1/4 10:10,0.4214517852743548
2016/1/4 10:15,0.4250221325445162
2016/1/4 10:20,0.44088639057419343
2016/1/4 10:25,0.44528387349080645
2016/1/4 10:30,0.4344740939501612
2016/1/4 10:35,0.4666869899559676
2016/1/4 10:40,0.4386094499619353
2016/1/4 10:45,0.46593910893741913
2016/1/4 10:50,0.4390331139535484
2016/1/4 10:55,0.4470687040382257
2016/1/4 11:00,0.42956478163919337
2016/1/4 11:05,0.43392598252322573
2016/1/4 11:10,0.4195592665024194
2016/1/4 11:15,0.4339083702238708
2016/1/4 11:20,0.4547666570329032
2016/1/4 11:25,0.46444649854725806
2016/1/4 11:30,0.4338898183470967
2016/1/4 11:35,0.42733376314709676
2016/1/4 11:40,0.46799067038354836
2016/1/4 11:45,0.43942063778854834
2016/1/4 11:50,0.4361493877343547
2016/1/4 11:55,0.42256346217322566
2016/1/4 12:00,0.42254214802693546
2016/1/4 12:05,0.4421652303401612
2016/1/4 12:10,0.4261629089996775
2016/1/4 12:15,0.4262026142014516
2016/1/4 12:20,0.42405932947790315
2016/1/4 12:25,0.4240148690112903
2016/1/4 12:30,0.442692304175484
2016/1/4 12:35,0.44083472633645154
2016/1/4 12:40,0.429395288096774
2016/1/4 12:45,0.43432648879580626
2016/1/4 12:50,0.45289178685354814
2016/1/4 12:55,0.46083934747370947
2016/1/4 13:00,0.4252087831951611
2016/1/4 13:05,0.40738886448838707
2016/1/4 13:10,0.44013574421741913
2016/1/4 13:15,0.42748756429129026
2016/1/4 13:20,0.43461866446983854
2016/1/4 13:25,0.44567514838403216
2016/1/4 13:30,0.42251561674032245
2016/1/4 13:35,0.434139773106129
2016/1/4 13:40,0.4664300933862902
2016/1/4 13:45,0.44928961459790306
2016/1/4 13:50,0.4355768328901614
2016/1/4 13:55,0.4532710975230646
2016/1/4 14:00,0.4063901882241936
2016/1/4 14:05,0.4269762436835483
2016/1/4 14:10,0.43830396449951603
2016/1/4 14:15,0.45163532204258044
2016/1/4 14:20,0.46158462445709664
2016/1/4 14:25,0.448547658591774
2016/1/4 14:30,0.43905725951048374
2016/1/4 14:35,0.45519303591999993
2016/1/4 14:40,0.4335726363075805
2016/1/4 14:45,0.4473031480998386
2016/1/4 14:50,0.46287996355258065
2016/1/4 14:55,0.4348092382443547
2016/1/4 15:00,0.43053221082741927
2016/1/4 15:05,0.4128939557009679
2016/1/4 15:10,0.4173380841906452
2016/1/4 15:15,0.395946095892258
2016/1/4 15:20,0.43256945872629016
2016/1/4 15:25,0.41766252098290324
2016/1/4 15:30,0.40371853975483857
2016/1/4 15:35,0.4105575205753226
2016/1/4 15:40,0.4029906298424193
2016/1/4 15:45,0.4214622490588711
2016/1/4 15:50,0.4077872176269354
2016/1/4 15:55,0.4144835301027419
2016/1/4 16:00,0.427304676243871
2016/1/4 16:05,0.39244121486967726
2016/1/4 16:10,0.4117717871840321
2016/1/4 16:15,0.4333419838327418
2016/1/4 16:20,0.40655419899677425
2016/1/4 16:25,0.402481140330645
2016/1/4 16:30,0.4121262934956451
2016/1/4 16:35,0.4249338238724193
2016/1/4 16:40,0.4340688070579033
2016/1/4 16:45,0.4351177821666128
2016/1/4 16:50,0.4555308158258064
2016/1/4 16:55,0.4454953841203225
2016/1/4 17:00,0.44652197369532265
2016/1/4 17:05,0.44340003328016114
2016/1/4 17:10,0.4444720612843549
2016/1/4 17:15,0.4519771402958063
2016/1/4 17:20,0.43688544207758057
2016/1/4 17:25,0.41786375777354823
2016/1/4 17:30,0.4145735808577418
2016/1/4 17:35,0.44161693491774184
2016/1/4 17:40,0.4345820000520967
2016/1/4 17:45,0.41936552314225806
2016/1/4 17:50,0.4125493009995162
2016/1/4 17:55,0.40752075650499997
2016/1/4 18:00,0.4334027658482256
2016/1/4 18:05,0.4146275445104839
2016/1/4 18:10,0.3840985866538711
2016/1/4 18:15,0.41322249651483856
2016/1/4 18:20,0.3823745485956451
2016/1/4 18:25,0.38430861166564506
2016/1/4 18:30,0.3720051707114514
2016/1/4 18:35,0.35821124924354825
2016/1/4 18:40,0.36351788418983866
2016/1/4 18:45,0.3547907168214516
2016/1/4 18:50,0.34694979058290315
2016/1/4 18:55,0.3270528152233871
2016/1/4 19:00,0.3088990323387097
2016/1/4 19:05,0.31918911974806435
2016/1/4 19:10,0.31364428883322565
2016/1/4 19:15,0.31463018793661285
2016/1/4 19:20,0.3523615796711288
2016/1/4 19:25,0.2968797810437096
2016/1/4 19:30,0.30374674313467737
2016/1/4 19:35,0.2985038979848387
2016/1/4 19:40,0.30552562234951613
2016/1/4 19:45,0.2980425470524193
2016/1/4 19:50,0.2877771407559677
2016/1/4 19:55,0.2885926518537097
2016/1/4 20:00,0.26365888242661284
2016/1/4 20:05,0.25872238671887093
2016/1/4 20:10,0.26446497745548386
2016/1/4 20:15,0.27437648439645157
2016/1/4 20:20,0.2768270761390322
2016/1/4 20:25,0.24462803079048384
2016/1/4 20:30,0.2580037033870967
2016/1/4 20:35,0.2687812840359677
2016/1/4 20:40,0.24546180143951604
2016/1/4 20:45,0.25231778686887096
2016/1/4 20:50,0.25618653896741933
2016/1/4 20:55,0.2630360255296774
2016/1/4 21:00,0.2344902480674193
2016/1/4 21:05,0.24147684869483865
2016/1/4 21:10,0.24809000835532252
2016/1/4 21:15,0.24131300699403221
2016/1/4 21:20,0.25694243896032254
2016/1/4 21:25,0.23623104891064498
2016/1/4 21:30,0.2517527117487096
2016/1/4 21:35,0.24167872070806448
2016/1/4 21:40,0.2370683641437097
2016/1/4 21:45,0.2339823310432257
2016/1/4 21:50,0.22375094235274187
2016/1/4 21:55,0.2073943782432258
2016/1/4 22:00,0.2094187005801613
2016/1/4 22:05,0.21961656333887078
2016/1/4 22:10,0.22463182027435477
2016/1/4 22:15,0.24208100331838686
2016/1/4 22:20,0.20707768869580653
2016/1/4 22:25,0.21267931863193548
2016/1/4 22:30,0.20384109216887095
2016/1/4 22:35,0.20964700106225798
2016/1/4 22:40,0.21440872313177417
2016/1/4 22:45,0.20633774947854822
2016/1/4 22:50,0.1908185721711288
2016/1/4 22:55,0.17974282316274184
2016/1/4 23:00,0.18237443010887078
2016/1/4 23:05,0.17187934581483874
2016/1/4 23:10,0.17347545150870972
2016/1/4 23:15,0.17802281775645143
2016/1/4 23:20,0.1503082684575807
2016/1/4 23:25,0.17000063314354832
2016/1/4 23:30,0.18600396820354834
2016/1/4 23:35,0.16430993396129032
2016/1/4 23:40,0.17375641489306454
2016/1/4 23:45,0.16470871316725802
2016/1/4 23:50,0.16828576313870966
2016/1/4 23:55,0.1535485445641935
2016/1/5 0:00,0.15123223849935483
2016/1/5 0:05,0.14937667839161287
2016/1/5 0:10,0.1435299638755483
2016/1/5 0:15,0.1526959318637095
2016/1/5 0:20,0.14326836572730622
2016/1/5 0:25,0.13836410523408055
2016/1/5 0:30,0.14738246710887096
2016/1/5 0:35,0.15424122151532232
2016/1/5 0:40,0.14401237824048382
2016/1/5 0:45,0.1476693100150484
2016/1/5 0:50,0.14566198058399998
2016/1/5 0:55,0.12644482309772567
2016/1/5 1:00,0.131690081439258
2016/1/5 1:05,0.13139356718332243
2016/1/5 1:10,0.1305094550876774
2016/1/5 1:15,0.13699931943682253
2016/1/5 1:20,0.13498026256375806
2016/1/5 1:25,0.12677514998337092
2016/1/5 1:30,0.12401962482998376
2016/1/5 1:35,0.13345142066956453
2016/1/5 1:40,0.133221909802
2016/1/5 1:45,0.13728560643053203
2016/1/5 1:50,0.1309541918557901
2016/1/5 1:55,0.14339865745585478
2016/1/5 2:00,0.12362823837830643
2016/1/5 2:05,0.1278564669873063
2016/1/5 2:10,0.12717136086246764
2016/1/5 2:15,0.1194949301489515
2016/1/5 2:20,0.133277126380258
2016/1/5 2:25,0.1351189154387742
2016/1/5 2:30,0.13263804540256457
2016/1/5 2:35,0.13538258561420966
2016/1/5 2:40,0.13403104831095145
2016/1/5 2:45,0.12648775663391937
2016/1/5 2:50,0.12963926468570966
2016/1/5 2:55,0.1305094550876774
2016/1/5 3:00,0.13061199214069355
2016/1/5 3:05,0.13061199214069355
2016/1/5 3:10,0.1331681233886613
2016/1/5 3:15,0.1327526129208548
2016/1/5 3:20,0.12712692949788698
2016/1/5 3:25,0.14539925863838704
2016/1/5 3:30,0.1444393406184353
2016/1/5 3:35,0.15285738998661286
2016/1/5 3:40,0.16575531098274193
2016/1/5 3:45,0.18170494670838705
2016/1/5 3:50,0.1992104971417742
2016/1/5 3:55,0.17048545898532258
2016/1/5 4:00,0.18322820585145172
2016/1/5 4:05,0.161500582136129
2016/1/5 4:10,0.1837776726685483
2016/1/5 4:15,0.1992051480951613
2016/1/5 4:20,0.17607807951903226
2016/1/5 4:25,0.22634120499629035
2016/1/5 4:30,0.25182086372048373
2016/1/5 4:35,0.27004608046806433
2016/1/5 4:40,0.32605644217193547
2016/1/5 4:45,0.3469838291575806
2016/1/5 4:50,0.36555451547499995
2016/1/5 4:55,0.3135564632608065
2016/1/5 5:00,0.28202247269806446
2016/1/5 5:05,0.2591398280904838
2016/1/5 5:10,0.315910573623871
2016/1/5 5:15,0.324423855236129
2016/1/5 5:20,0.3455133856340322
2016/1/5 5:25,0.3325418353632258
2016/1/5 5:30,0.370449145623871
2016/1/5 5:35,0.41724671006177405
2016/1/5 5:40,0.4559240613470966
2016/1/5 5:45,0.46108934299967724
2016/1/5 5:50,0.47618084271741923
2016/1/5 5:55,0.4676714789262902
2016/1/5 6:00,0.43977383218419336
2016/1/5 6:05,0.458560636326774
2016/1/5 6:10,0.47765290352806467
2016/1/5 6:15,0.47853128767580627
2016/1/5 6:20,0.5041959035449999
2016/1/5 6:25,0.5116702533737094
2016/1/5 6:30,0.5031422066201613
2016/1/5 6:35,0.5630835815908064
2016/1/5 6:40,0.5803304905299999
2016/1/5 6:45,0.5881399216487095
2016/1/5 6:50,0.5769170099761288
2016/1/5 6:55,0.5794943223335485
2016/1/5 7:00,0.5590289375619354
2016/1/5 7:05,0.5986849529304836
2016/1/5 7:10,0.5981666214901613
2016/1/5 7:15,0.6247346014296773
2016/1/5 7:20,0.6587780204025804
2016/1/5 7:25,0.6826081777217742
2016/1/5 7:30,0.6980360954675807
2016/1/5 7:35,0.7054279945066128
2016/1/5 7:40,0.729668244775
2016/1/5 7:45,0.7094155618961289
2016/1/5 7:50,0.7318149256435483
2016/1/5 7:55,0.7046581090708065
2016/1/5 8:00,0.7157747478241933
2016/1/5 8:05,0.6806366356999999
2016/1/5 8:10,0.6955314426175804
2016/1/5 8:15,0.7585742525179032
2016/1/5 8:20,0.6907083172198387
2016/1/5 8:25,0.6973186172059676
2016/1/5 8:30,0.7103827406459676
2016/1/5 8:35,0.7245278866743549
2016/1/5 8:40,0.7191057425009677
2016/1/5 8:45,0.7286272656998386
2016/1/5 8:50,0.7296715436703224
2016/1/5 8:55,0.7397460881312902
2016/1/5 9:00,0.7152426089856451
2016/1/5 9:05,0.6695552566385482
2016/1/5 9:10,0.6171892053932256
2016/1/5 9:15,0.6484296921401611
2016/1/5 9:20,0.5641762139166129
2016/1/5 9:25,0.6380495171017739
2016/1/5 9:30,0.6064724627272582
2016/1/5 9:35,0.643301288442903
2016/1/5 9:40,0.6827062066856453
2016/1/5 9:45,0.6685489785748385
2016/1/5 9:50,0.6950762939485483
2016/1/5 9:55,0.6675750061803227
2016/1/5 10:00,0.6418373954272579
2016/1/5 10:05,0.6086931973627421
2016/1/5 10:10,0.6061252914504839
2016/1/5 10:15,0.5773608997477417
2016/1/5 10:20,0.5374620650329031
2016/1/5 10:25,0.5735087679817741
2016/1/5 10:30,0.5437156973780646
2016/1/5 10:35,0.540848098537742
2016/1/5 10:40,0.5305061624749999
2016/1/5 10:45,0.5404347675058064
2016/1/5 10:50,0.5356636742154838
2016/1/5 10:55,0.5289767696766128
2016/1/5 11:00,0.5008299436312903
2016/1/5 11:05,0.4956228168380644
2016/1/5 11:10,0.4623869062590323
2016/1/5 11:15,0.43216854969419355
2016/1/5 11:20,0.4271704492133869
2016/1/5 11:25,0.44435129702225784
2016/1/5 11:30,0.41109831854822587
2016/1/5 11:35,0.4272317204785483
2016/1/5 11:40,0.4151026625840323
2016/1/5 11:45,0.437915526330645
2016/1/5 11:50,0.43852628112935477
2016/1/5 11:55,0.4462705640861291
2016/1/5 12:00,0.4420035722246773
2016/1/5 12:05,0.4570910131120967
2016/1/5 12:10,0.4779491497490321
2016/1/5 12:15,0.45643284183967736
2016/1/5 12:20,0.4870688874762901
2016/1/5 12:25,0.5183573243
2016/1/5 12:30,0.5243897618609675
2016/1/5 12:35,0.5427067606412902
2016/1/5 12:40,0.5441312610488708
2016/1/5 12:45,0.5300518829251611
2016/1/5 12:50,0.5391548584453225
2016/1/5 12:55,0.5108590315546774
2016/1/5 13:00,0.5033920989937096
2016/1/5 13:05,0.5033011144404838
2016/1/5 13:10,0.4717741192729031
2016/1/5 13:15,0.4739616585451612
2016/1/5 13:20,0.47527550836161275
2016/1/5 13:25,0.4816971232243548
2016/1/5 13:30,0.4874215875498388
2016/1/5 13:35,0.4781497704049998
2016/1/5 13:40,0.4695902407770968
2016/1/5 13:45,0.4633859898175806
2016/1/5 13:50,0.4484434254948386
2016/1/5 13:55,0.4467111236619353
2016/1/5 14:00,0.432494497180645
2016/1/5 14:05,0.42147524448048374
2016/1/5 14:10,0.45707261972290303
2016/1/5 14:15,0.46343130488532236
2016/1/5 14:20,0.4488912992308063
2016/1/5 14:25,0.4691637239811289
2016/1/5 14:30,0.46652567786580623
2016/1/5 14:35,0.45718866162387106
2016/1/5 14:40,0.446940369702903
2016/1/5 14:45,0.4225882076796775
2016/1/5 14:50,0.4180200189745162
2016/1/5 14:55,0.420670554123387
2016/1/5 15:00,0.40643184248596764
2016/1/5 15:05,0.4162208308820966
2016/1/5 15:10,0.42041114282129005
2016/1/5 15:15,0.46965827511483865
2016/1/5 15:20,0.45690036080967733
2016/1/5 15:25,0.43231357054999986
2016/1/5 15:30,0.43226874218629036
2016/1/5 15:35,0.42644186146532254
2016/1/5 15:40,0.4086671565469353
2016/1/5 15:45,0.44424662347209665
2016/1/5 15:50,0.4249388943049999
2016/1/5 15:55,0.42062549793629034
2016/1/5 16:00,0.4113269169383871
2016/1/5 16:05,0.4038693127327419
2016/1/5 16:10,0.41069609527967754
2016/1/5 16:15,0.44007569883338704
2016/1/5 16:20,0.44905535734048374
2016/1/5 16:25,0.4123458249075806
2016/1/5 16:30,0.41602641958209685
2016/1/5 16:35,0.44568826940338685
2016/1/5 16:40,0.4371638715332258
2016/1/5 16:45,0.423107974265484
2016/1/5 16:50,0.43392598252322573
2016/1/5 16:55,0.4401511074935482
2016/1/5 17:00,0.40148410894709646
2016/1/5 17:05,0.42530639374806445
2016/1/5 17:10,0.44361449824032256
2016/1/5 17:15,0.43178027136354835
2016/1/5 17:20,0.4379025240191935
2016/1/5 17:25,0.4493643610049999
2016/1/5 17:30,0.4209573717461288
2016/1/5 17:35,0.441227656016129
2016/1/5 17:40,0.4446320488282257
2016/1/5 17:45,0.4498793938262904
2016/1/5 17:50,0.43659909931887075
2016/1/5 17:55,0.4248739801503225
2016/1/5 18:00,0.407513564887258
2016/1/5 18:05,0.4338285418770967
2016/1/5 18:10,0.38927654945887075
2016/1/5 18:15,0.393027676152742
2016/1/5 18:20,0.40115941042193537
2016/1/5 18:25,0.4086522703159677
2016/1/5 18:30,0.38911950512822574
2016/1/5 18:35,0.37791317965435484
2016/1/5 18:40,0.384511001000645
2016/1/5 18:45,0.4036805421545161
2016/1/5 18:50,0.37382312958370956
2016/1/5 18:55,0.3468319999522579
2016/1/5 19:00,0.3474848914262903
2016/1/5 19:05,0.3133933020540322
2016/1/5 19:10,0.32203219307483855
2016/1/5 19:15,0.30633120242806444
2016/1/5 19:20,0.3125563385019355
2016/1/5 19:25,0.30316183308548383
2016/1/5 19:30,0.3116875891190322
2016/1/5 19:35,0.29604049326532245
2016/1/5 19:40,0.29129279284854837
2016/1/5 19:45,0.29139810974419356
2016/1/5 19:50,0.2845368989874193
2016/1/5 19:55,0.2663852228504838
2016/1/5 20:00,0.26052991658129027
2016/1/5 20:05,0.264570292522258
2016/1/5 20:10,0.26099238206854836
2016/1/5 20:15,0.2744199622069355
2016/1/5 20:20,0.28248996245016117
2016/1/5 20:25,0.25807348503741934
2016/1/5 20:30,0.2585715274058063
2016/1/5 20:35,0.2690320086870967
2016/1/5 20:40,0.2556638002735484
2016/1/5 20:45,0.26023257547193546
2016/1/5 20:50,0.25770117306306445
2016/1/5 20:55,0.2594182082532258
2016/1/5 21:00,0.23640246786822577
2016/1/5 21:05,0.23651784759241926
2016/1/5 21:10,0.2404971547966129
2016/1/5 21:15,0.2303104861532258
2016/1/5 21:20,0.25609921414741926
2016/1/5 21:25,0.26724845400306446
2016/1/5 21:30,0.24050963557645155
2016/1/5 21:35,0.23868682296548363
2016/1/5 21:40,0.2445276379419354
2016/1/5 21:45,0.21620397032887095
2016/1/5 21:50,0.20277265113758067
2016/1/5 21:55,0.23564355030403208
2016/1/5 22:00,0.21472116058048382
2016/1/5 22:05,0.22446161753612895
2016/1/5 22:10,0.23126066868870968
2016/1/5 22:15,0.23716888288306456
2016/1/5 22:20,0.22164060130338703
2016/1/5 22:25,0.2100788217066128
2016/1/5 22:30,0.20857423770645156
2016/1/5 22:35,0.20775384429661287
2016/1/5 22:40,0.20971855196661288
2016/1/5 22:45,0.1993963851658064
2016/1/5 22:50,0.1805627139698387
2016/1/5 22:55,0.1853192650354838
2016/1/5 23:00,0.1922359533053225
2016/1/5 23:05,0.19036926147241934
2016/1/5 23:10,0.19982669102129036
2016/1/5 23:15,0.17413824031129016
2016/1/5 23:20,0.1663925484316129
2016/1/5 23:25,0.1679149004601612
2016/1/5 23:30,0.1719809151179032
2016/1/5 23:35,0.17080708000322578
2016/1/5 23:40,0.1749551537575807
2016/1/5 23:45,0.16821828877354827
2016/1/5 23:50,0.16654318223612896
2016/1/5 23:55,0.15059845915161288
2016/1/6 0:00,0.15523068600741918
2016/1/6 0:05,0.15692791914435478
2016/1/6 0:10,0.1420472609157097
2016/1/6 0:15,0.1564969690646774
2016/1/6 0:20,0.14852464475870966
2016/1/6 0:25,0.13470197298130643
2016/1/6 0:30,0.14263158734580628
2016/1/6 0:35,0.15211410724435476
2016/1/6 0:40,0.14424380936711267
2016/1/6 0:45,0.1403925760592419
2016/1/6 0:50,0.13939130475117734
2016/1/6 0:55,0.1395512428369838
2016/1/6 1:00,0.13147382778509661
2016/1/6 1:05,0.1357768717737419
2016/1/6 1:10,0.13306481569796771
2016/1/6 1:15,0.13211326295803225
2016/1/6 1:20,0.13287508393004835
2016/1/6 1:25,0.1252533132005806
2016/1/6 1:30,0.12160424228714517
2016/1/6 1:35,0.1275281295688709
2016/1/6 1:40,0.11726764359872568
2016/1/6 1:45,0.13427833385445165
2016/1/6 1:50,0.13258292293348384
2016/1/6 1:55,0.1308935184700645
2016/1/6 2:00,0.12736327174596762
2016/1/6 2:05,0.1329992167907096
2016/1/6 2:10,0.12891527956598367
2016/1/6 2:15,0.12549556847632257
2016/1/6 2:20,0.12608399540579027
2016/1/6 2:25,0.13205534408488712
2016/1/6 2:30,0.12490837661591919
2016/1/6 2:35,0.13636105345843533
2016/1/6 2:40,0.13041259823527396
2016/1/6 2:45,0.13370340392793545
2016/1/6 2:50,0.13498026256375806
2016/1/6 2:55,0.14775720800004816
2016/1/6 3:00,0.1371077294738064
2016/1/6 3:05,0.13630816485924188
2016/1/6 3:10,0.12452703774480647
2016/1/6 3:15,0.13164356354438717
2016/1/6 3:20,0.14201207226564513
2016/1/6 3:25,0.14551829879958045
2016/1/6 3:30,0.14502621584724185
2016/1/6 3:35,0.16719069325193547
2016/1/6 3:40,0.1729035074053224
2016/1/6 3:45,0.18433021107290318
2016/1/6 3:50,0.1814036158775806
2016/1/6 3:55,0.18084615665274195
2016/1/6 4:00,0.16963217938629027
2016/1/6 4:05,0.17877323081225802
2016/1/6 4:10,0.17557931148209682
2016/1/6 4:15,0.2091106044532257
2016/1/6 4:20,0.21071981014161292
2016/1/6 4:25,0.21954388952145157
2016/1/6 4:30,0.2657911682054839
2016/1/6 4:35,0.28076729273725803
2016/1/6 4:40,0.31920745941629025
2016/1/6 4:45,0.3586879665019353
2016/1/6 4:50,0.3520316177525806
2016/1/6 4:55,0.32035662976564516
2016/1/6 5:00,0.276522097597258
2016/1/6 5:05,0.2802692260412903
2016/1/6 5:10,0.30011366047677407
2016/1/6 5:15,0.3305501545229032
2016/1/6 5:20,0.34276394023258067
2016/1/6 5:25,0.36080638645177404
2016/1/6 5:30,0.36750266046693547
2016/1/6 5:35,0.4146980691598387
2016/1/6 5:40,0.43193564433725806
2016/1/6 5:45,0.45349591146354834
2016/1/6 5:50,0.4690572897491936
2016/1/6 5:55,0.4512547454983869
2016/1/6 6:00,0.4507241993154837
2016/1/6 6:05,0.43093774789758066
2016/1/6 6:10,0.4846711589525806
2016/1/6 6:15,0.5142413975269354
2016/1/6 6:20,0.5344303751051613
2016/1/6 6:25,0.5129627145458063
2016/1/6 6:30,0.5087043263985483
2016/1/6 6:35,0.5294837670035483
2016/1/6 6:40,0.5619628484119354
2016/1/6 6:45,0.5936128392524191
2016/1/6 6:50,0.5955856686512904
2016/1/6 6:55,0.5962539506653225
2016/1/6 7:00,0.6106933481798387
2016/1/6 7:05,0.5971444950959678
2016/1/6 7:10,0.6012321836696772
2016/1/6 7:15,0.6237117993495159
2016/1/6 7:20,0.6266802710325805
2016/1/6 7:25,0.6058278781114517
2016/1/6 7:30,0.6251252003387097
2016/1/6 7:35,0.6377593716141936
2016/1/6 7:40,0.6539482914737098
2016/1/6 7:45,0.6420486305462901
2016/1/6 7:50,0.6602763341920967
2016/1/6 7:55,0.6820000640408062
2016/1/6 8:00,0.6356413904575806
2016/1/6 8:05,0.6283903991729032
2016/1/6 8:10,0.6116194376346774
2016/1/6 8:15,0.5941532368609677
2016/1/6 8:20,0.5991497991953224
2016/1/6 8:25,0.5911089010888709
2016/1/6 8:30,0.6000884986735482
2016/1/6 8:35,0.5945526140109677
2016/1/6 8:40,0.5979740681616126
2016/1/6 8:45,0.6051049219632257
2016/1/6 8:50,0.5879418395464514
2016/1/6 8:55,0.5788756516709676
2016/1/6 9:00,0.574006053108387
2016/1/6 9:05,0.5651508035816128
2016/1/6 9:10,0.5706868212609678
2016/1/6 9:15,0.5376511772549999
2016/1/6 9:20,0.5582868578056451
2016/1/6 9:25,0.5066239123220967
2016/1/6 9:30,0.47518966351983877
2016/1/6 9:35,0.4825552723185483
2016/1/6 9:40,0.49491569317903217
2016/1/6 9:45,0.48046130017064526
2016/1/6 9:50,0.47038886716758066
2016/1/6 9:55,0.465359280248387
2016/1/6 10:00,0.46895444591612884
2016/1/6 10:05,0.4608489410554838
2016/1/6 10:10,0.4633482674414514
2016/1/6 10:15,0.4603117256861291
2016/1/6 10:20,0.46482607831161266
2016/1/6 10:25,0.4524449461209678
2016/1/6 10:30,0.459488301322903
2016/1/6 10:35,0.46191483248532245
2016/1/6 10:40,0.48614288827790336
2016/1/6 10:45,0.4904992840648385
2016/1/6 10:50,0.5002908095370965
2016/1/6 10:55,0.4614210784325805
2016/1/6 11:00,0.4499393173914514
2016/1/6 11:05,0.48653650675887083
2016/1/6 11:10,0.5388450819737095
2016/1/6 11:15,0.47744221967016126
2016/1/6 11:20,0.5179289192390322
2016/1/6 11:25,0.510230156515645
2016/1/6 11:30,0.5109212853498387
2016/1/6 11:35,0.4993440765538709
2016/1/6 11:40,0.5217613113832257
2016/1/6 11:45,0.5155494076256449
2016/1/6 11:50,0.5231121477141933
2016/1/6 11:55,0.5206066956625806
2016/1/6 12:00,0.5242842291322579
2016/1/6 12:05,0.5195092214670967
2016/1/6 12:10,0.5438384455562901
2016/1/6 12:15,0.5365950689822581
2016/1/6 12:20,0.5206517184624192
2016/1/6 12:25,0.5528740324685483
2016/1/6 12:30,0.561504748305645
2016/1/6 12:35,0.5918615066674194
2016/1/6 12:40,0.6461094290511288
2016/1/6 12:45,0.6534183179690324
2016/1/6 12:50,0.6178676654311291
2016/1/6 12:55,0.6035921967516126
2016/1/6 13:00,0.5648383426187095
2016/1/6 13:05,0.5495448142330646
2016/1/6 13:10,0.5194816529922579
2016/1/6 13:15,0.5242842291322579
2016/1/6 13:20,0.49811093710064513
2016/1/6 13:25,0.5075393967191933
2016/1/6 13:30,0.5097610658216128
2016/1/6 13:35,0.5176404579027419
2016/1/6 13:40,0.5272428623208065
2016/1/6 13:45,0.5185895347899999
2016/1/6 13:50,0.4987303080953225
2016/1/6 13:55,0.5358118139620967
2016/1/6 14:00,0.5938378760348387
2016/1/6 14:05,0.6021463919366128
2016/1/6 14:10,0.6341313721079033
2016/1/6 14:15,0.6206594204930643
2016/1/6 14:20,0.6486270554370965
2016/1/6 14:25,0.6492538496417739
2016/1/6 14:30,0.6038570749246776
2016/1/6 14:35,0.5124003608280643
2016/1/6 14:40,0.4971578810467741
2016/1/6 14:45,0.48767530189467734
2016/1/6 14:50,0.48395549662838705
2016/1/6 14:55,0.46912408730080635
2016/1/6 15:00,0.44942149919306434
2016/1/6 15:05,0.4667334478025805
2016/1/6 15:10,0.439295038782258
2016/1/6 15:15,0.44356789164854826
2016/1/6 15:20,0.46637651973241917
2016/1/6 15:25,0.4221535873943547
2016/1/6 15:30,0.4085339702688708
2016/1/6 15:35,0.42286255621532254
2016/1/6 15:40,0.42802349279870966
2016/1/6 15:45,0.4062330266470968
2016/1/6 15:50,0.43281277642903215
2016/1/6 15:55,0.41045283447967734
2016/1/6 16:00,0.4334506392203227
2016/1/6 16:05,0.4364540433998387
2016/1/6 16:10,0.4491033230635483
2016/1/6 16:15,0.44101251585177415
2016/1/6 16:20,0.45163837169258036
2016/1/6 16:25,0.47671041917661267
2016/1/6 16:30,0.45334015335129035
2016/1/6 16:35,0.473817667819516
2016/1/6 16:40,0.45902327459193554
2016/1/6 16:45,0.4758282406132256
2016/1/6 16:50,0.5067364517020968
2016/1/6 16:55,0.44242505786854835
2016/1/6 17:00,0.41579181827048395
2016/1/6 17:05,0.407706015186774
2016/1/6 17:10,0.4025469035740321
2016/1/6 17:15,0.41954446737370965
2016/1/6 17:20,0.4242525575288708
2016/1/6 17:25,0.41570489891467716
2016/1/6 17:30,0.3941636028783871
2016/1/6 17:35,0.4284322576666127
2016/1/6 17:40,0.4104721387656451
2016/1/6 17:45,0.4407946284491935
2016/1/6 17:50,0.42837793271241936
2016/1/6 17:55,0.4193526064170967
2016/1/6 18:00,0.38562135452306445
2016/1/6 18:05,0.3712918022685483
2016/1/6 18:10,0.3840244989274193
2016/1/6 18:15,0.4014027910661289
2016/1/6 18:20,0.3905294199674193
2016/1/6 18:25,0.3949012305117742
2016/1/6 18:30,0.3633865681903227
2016/1/6 18:35,0.4017602011148387
2016/1/6 18:40,0.38204325131822575
2016/1/6 18:45,0.3711109828114515
2016/1/6 18:50,0.37064746016241923
2016/1/6 18:55,0.35322966062870953
2016/1/6 19:00,0.3140512484877419
2016/1/6 19:05,0.3317575522933871
2016/1/6 19:10,0.3278665404769355
2016/1/6 19:15,0.32883103268161284
2016/1/6 19:20,0.3128294808369353
2016/1/6 19:25,0.30353653941274195
2016/1/6 19:30,0.2883007485546774
2016/1/6 19:35,0.29326771371032256
2016/1/6 19:40,0.30879083871451596
2016/1/6 19:45,0.30515577043177416
2016/1/6 19:50,0.28911621751370964
2016/1/6 19:55,0.26032938125048377
2016/1/6 20:00,0.26048084637499996
2016/1/6 20:05,0.24961611166322561
2016/1/6 20:10,0.28350472158999984
2016/1/6 20:15,0.27509143389870966
2016/1/6 20:20,0.29437912729161275
2016/1/6 20:25,0.3369729505043549
2016/1/6 20:30,0.3114652423553226
2016/1/6 20:35,0.30655994371161294
2016/1/6 20:40,0.30933635292822576
2016/1/6 20:45,0.28889976736999995
2016/1/6 20:50,0.2888321269838708
2016/1/6 20:55,0.2890668895562903
2016/1/6 21:00,0.2616341704337096
2016/1/6 21:05,0.2737842451358064
2016/1/6 21:10,0.2973934383993547
2016/1/6 21:15,0.2832940541674192
2016/1/6 21:20,0.26645492237903223
2016/1/6 21:25,0.26738845489129026
2016/1/6 21:30,0.2590739554708064
2016/1/6 21:35,0.2564121548445161
2016/1/6 21:40,0.25435962881741936
2016/1/6 21:45,0.2613697453208064
2016/1/6 21:50,0.25987979616290324
2016/1/6 21:55,0.2549610328359677
2016/1/6 22:00,0.2500078674769355
2016/1/6 22:05,0.2467275117548385
2016/1/6 22:10,0.25164014962774195
2016/1/6 22:15,0.26465704852919353
2016/1/6 22:20,0.24546180143951604
2016/1/6 22:25,0.24572361705370968
2016/1/6 22:30,0.24493671750112883
2016/1/6 22:35,0.22332851181596772
2016/1/6 22:40,0.21346422395306447
2016/1/6 22:45,0.22280903775064514
2016/1/6 22:50,0.2307190733290323
2016/1/6 22:55,0.21436583721661284
2016/1/6 23:00,0.17375641489306454
2016/1/6 23:05,0.2191581140982258
2016/1/6 23:10,0.17241818962370964
2016/1/6 23:15,0.19114871863274188
2016/1/6 23:20,0.18662839309306453
2016/1/6 23:25,0.1979732145206451
2016/1/6 23:30,0.18242347748645155
2016/1/6 23:35,0.18020389288725805
2016/1/6 23:40,0.1844363869895159
2016/1/6 23:45,0.16652545303209676
2016/1/6 23:50,0.17507704318
2016/1/6 23:55,0.1606393746159677
2016/1/7 0:00,0.15109957534645155
2016/1/7 0:05,0.13956312441770954
2016/1/7 0:10,0.14894006314387095
2016/1/7 0:15,0.14502621584724185
2016/1/7 0:20,0.15343653427370968
2016/1/7 0:25,0.1476693100150484
2016/1/7 0:30,0.13966239405493544
2016/1/7 0:35,0.1473091768448227
2016/1/7 0:40,0.14882819849440304
2016/1/7 0:45,0.14564296793324175
2016/1/7 0:50,0.13916220208214514
2016/1/7 0:55,0.1331157607979514
2016/1/7 1:00,0.14627500501822563
2016/1/7 1:05,0.1352507378589839
2016/1/7 1:10,0.1402837188984032
2016/1/7 1:15,0.13556856051879032
2016/1/7 1:20,0.1314713961176613
2016/1/7 1:25,0.1364682113185484
2016/1/7 1:30,0.1280027899012258
2016/1/7 1:35,0.1351382835437742
2016/1/7 1:40,0.13247696881108056
2016/1/7 1:45,0.13215051903314493
2016/1/7 1:50,0.128495639851274
2016/1/7 1:55,0.1288577644536935
2016/1/7 2:00,0.13008082487670966
2016/1/7 2:05,0.11940935775785469
2016/1/7 2:10,0.13229576733635479
2016/1/7 2:15,0.11978638611356437
2016/1/7 2:20,0.1252533132005806
2016/1/7 2:25,0.13696868884762897
2016/1/7 2:30,0.12086664837298383
2016/1/7 2:35,0.13664681444366128
2016/1/7 2:40,0.13306481569796771
2016/1/7 2:45,0.1385628858776129
2016/1/7 2:50,0.14889331816177412
2016/1/7 2:55,0.14851012266390323
2016/1/7 3:00,0.13996228356170962
2016/1/7 3:05,0.1213713329695483
2016/1/7 3:10,0.12636315539554835
2016/1/7 3:15,0.13756080402753237
2016/1/7 3:20,0.12324808441661277
2016/1/7 3:25,0.14418384998508058
2016/1/7 3:30,0.15003734456956447
2016/1/7 3:35,0.17793236112274194
2016/1/7 3:40,0.1726453014380645
2016/1/7 3:45,0.1953043554124194
2016/1/7 3:50,0.1819683109169355
2016/1/7 3:55,0.19450904213822584
2016/1/7 4:00,0.17646929205887088
2016/1/7 4:05,0.18868777054887095
2016/1/7 4:10,0.1740798721625806
2016/1/7 4:15,0.20354924488225803
2016/1/7 4:20,0.2126773962519353
2016/1/7 4:25,0.23316992071596773
2016/1/7 4:30,0.25139416159177413
2016/1/7 4:35,0.2861617042770967
2016/1/7 4:40,0.33444088124451626
2016/1/7 4:45,0.35212360960387096
2016/1/7 4:50,0.3723345881954837
2016/1/7 4:55,0.35487608059241915
2016/1/7 5:00,0.3241871727687098
2016/1/7 5:05,0.31942555515064514
2016/1/7 5:10,0.31367833799580647
2016/1/7 5:15,0.3214367937961289
2016/1/7 5:20,0.36985464400241924
2016/1/7 5:25,0.36311234699483863
2016/1/7 5:30,0.3609978014562904
2016/1/7 5:35,0.4464943942993548
2016/1/7 5:40,0.44496493561516137
2016/1/7 5:45,0.47873521250064505
2016/1/7 5:50,0.4936835292232258
2016/1/7 5:55,0.5073915164516127
2016/1/7 6:00,0.4725114214827421
2016/1/7 6:05,0.5117598202287095
2016/1/7 6:10,0.48693542129290307
2016/1/7 6:15,0.4980395751814517
2016/1/7 6:20,0.5185283692832257
2016/1/7 6:25,0.5367572784809675
2016/1/7 6:30,0.592654675748387
2016/1/7 6:35,0.6517000354085485
2016/1/7 6:40,0.6273265168948385
2016/1/7 6:45,0.6528910384658067
2016/1/7 6:50,0.6636602385935485
2016/1/7 6:55,0.6673775423733869
2016/1/7 7:00,0.6890595317870966
2016/1/7 7:05,0.647320526837903
2016/1/7 7:10,0.6499376882811287
2016/1/7 7:15,0.7102200013825803
2016/1/7 7:20,0.7470711361154836
2016/1/7 7:25,0.7371316612706452
2016/1/7 7:30,0.6818919018627418
2016/1/7 7:35,0.7267569194753223
2016/1/7 7:40,0.6969953049717743
2016/1/7 7:45,0.7249013626787095
2016/1/7 7:50,0.7421693337479031
2016/1/7 7:55,0.7008385935780643
2016/1/7 8:00,0.6642585298032259
2016/1/7 8:05,0.6474342220320968
2016/1/7 8:10,0.695703571572742
2016/1/7 8:15,0.7032018545590321
2016/1/7 8:20,0.662650901572903
2016/1/7 8:25,0.6712532904237094
2016/1/7 8:30,0.741631719623387
2016/1/7 8:35,0.6613833907874193
2016/1/7 8:40,0.7493274414456452
2016/1/7 8:45,0.7201090637759676
2016/1/7 8:50,0.7120092180937095
2016/1/7 8:55,0.611291475953387
2016/1/7 9:00,0.6360899965409678
2016/1/7 9:05,0.6155325187651612
2016/1/7 9:10,0.6056156151756452
2016/1/7 9:15,0.5944327268687096
2016/1/7 9:20,0.5982583450561291
2016/1/7 9:25,0.6035826167087097
2016/1/7 9:30,0.5967529848970965
2016/1/7 9:35,0.6009859739858063
2016/1/7 9:40,0.5913945515582257
2016/1/7 9:45,0.5831970383896773
2016/1/7 9:50,0.5708581255087096
2016/1/7 9:55,0.5715412340053224
2016/1/7 10:00,0.5020922680167742
2016/1/7 10:05,0.4623904001801612
2016/1/7 10:10,0.4800681869862904
2016/1/7 10:15,0.4557234027319356
2016/1/7 10:20,0.47991013382177417
2016/1/7 10:25,0.44161705623499986
2016/1/7 10:30,0.47248860059580655
2016/1/7 10:35,0.456479884731774
2016/1/7 10:40,0.4704459326258063
2016/1/7 10:45,0.5003497773648385
2016/1/7 10:50,0.4749898624009675
2016/1/7 10:55,0.4686762110093549
2016/1/7 11:00,0.4625740500859678
2016/1/7 11:05,0.450288099076613
2016/1/7 11:10,0.439376219741774
2016/1/7 11:15,0.4775386625085485
2016/1/7 11:20,0.33062034276177416
2016/1/7 11:25,0.4005104165083871
2016/1/7 11:30,0.47522958450774183
2016/1/7 11:35,0.4822171892164517
2016/1/7 11:40,0.4814359750512904
2016/1/7 11:45,0.4966962355170966
2016/1/7 11:50,0.4735999362116127
2016/1/7 11:55,0.4976606664793548
2016/1/7 12:00,0.4594103172093549
2016/1/7 12:05,0.44773236920258047
2016/1/7 12:10,0.5354189710974192
2016/1/7 12:15,0.5562723937920967
2016/1/7 12:20,0.49423866371370967
2016/1/7 12:25,0.500282631022903
2016/1/7 12:30,0.4731686630687096
2016/1/7 12:35,0.4800681869862904
2016/1/7 12:40,0.4617555395612902
2016/1/7 12:45,0.47167332509903215
2016/1/7 12:50,0.45500177711274176
2016/1/7 12:55,0.47840939566338725
2016/1/7 13:00,0.46962680448806454
2016/1/7 13:05,0.4162503117099998
2016/1/7 13:10,0.45853495986129034
2016/1/7 13:15,0.45604236822903227
2016/1/7 13:20,0.47622307979096773
2016/1/7 13:25,0.46480365209741925
2016/1/7 13:30,0.4534177252069356
2016/1/7 13:35,0.4639753522524193
2016/1/7 13:40,0.47621874412709664
2016/1/7 13:45,0.4688543250620967
2016/1/7 13:50,0.471992546865
2016/1/7 13:55,0.4570225760162903
2016/1/7 14:00,0.46921851942741927
2016/1/7 14:05,0.44311823490290325
2016/1/7 14:10,0.4401283964024192
2016/1/7 14:15,0.4549876637116128
2016/1/7 14:20,0.4545299843840323
2016/1/7 14:25,0.47291933795774205
2016/1/7 14:30,0.462515978394516
2016/1/7 14:35,0.45769202936370956
2016/1/7 14:40,0.46099680303322565
2016/1/7 14:45,0.4624532964532257
2016/1/7 14:50,0.44570051267629046
2016/1/7 14:55,0.46137770072532247
2016/1/7 15:00,0.44031154845209686
2016/1/7 15:05,0.4401069553148385
2016/1/7 15:10,0.4368965267870966
2016/1/7 15:15,0.43977651034290305
2016/1/7 15:20,0.45074590946564513
2016/1/7 15:25,0.430001611476129
2016/1/7 15:30,0.4376038822191936
2016/1/7 15:35,0.4347174987146775
2016/1/7 15:40,0.4342966375022581
2016/1/7 15:45,0.45876004730419334
2016/1/7 15:50,0.4486713217151611
2016/1/7 15:55,0.4189697659888709
2016/1/7 16:00,0.41943783944467733
2016/1/7 16:05,0.39685732160790316
2016/1/7 16:10,0.42534913954967735
2016/1/7 16:15,0.43159709447629013
2016/1/7 16:20,0.4428567583548385
2016/1/7 16:25,0.4447901229596773
2016/1/7 16:30,0.43347349381951594
2016/1/7 16:35,0.4361708760059678
2016/1/7 16:40,0.4189674667033869
2016/1/7 16:45,0.4394091323325805
2016/1/7 16:50,0.44695145709193534
2016/1/7 16:55,0.4437848985624192
2016/1/7 17:00,0.4322870737512904
2016/1/7 17:05,0.4472529994309677
2016/1/7 17:10,0.45622566954564514
2016/1/7 17:15,0.46144266972338704
2016/1/7 17:20,0.4405149906143548
2016/1/7 17:25,0.4523988192158062
2016/1/7 17:30,0.49736003392838707
2016/1/7 17:35,0.5178659360709676
2016/1/7 17:40,0.5677555543556452
2016/1/7 17:45,0.48249437493483854
2016/1/7 17:50,0.44730851449499986
2016/1/7 17:55,0.4507914533645162
2016/1/7 18:00,0.43148794133758056
2016/1/7 18:05,0.4356569545570967
2016/1/7 18:10,0.42798729963290316
2016/1/7 18:15,0.4282263583451611
2016/1/7 18:20,0.44236790366709666
2016/1/7 18:25,0.4400735883667743
2016/1/7 18:30,0.4430595026556452
2016/1/7 18:35,0.40014573479854815
2016/1/7 18:40,0.4245952196798385
2016/1/7 18:45,0.4014027910661289
2016/1/7 18:50,0.40322940633903226
2016/1/7 18:55,0.36238813446983853
2016/1/7 19:00,0.34231957833580645
2016/1/7 19:05,0.3444150172188709
2016/1/7 19:10,0.34469002549516126
2016/1/7 19:15,0.3549304705391935
2016/1/7 19:20,0.35114245427354834
2016/1/7 19:25,0.3500553753364514
2016/1/7 19:30,0.3302748678849998
2016/1/7 19:35,0.342264539448871
2016/1/7 19:40,0.3322566667341935
2016/1/7 19:45,0.32305642391580636
2016/1/7 19:50,0.30316183308548383
2016/1/7 19:55,0.29251629024822573
2016/1/7 20:00,0.28884389840999997
2016/1/7 20:05,0.2887073625353226
2016/1/7 20:10,0.3002042347093547
2016/1/7 20:15,0.293639698372258
2016/1/7 20:20,0.283414948006129
2016/1/7 20:25,0.2806381447766128
2016/1/7 20:30,0.2855699549299998
2016/1/7 20:35,0.2824001567190321
2016/1/7 20:40,0.28476578159016125
2016/1/7 20:45,0.2828181094908062
2016/1/7 20:50,0.26545398149532257
2016/1/7 20:55,0.2707967024048386
2016/1/7 21:00,0.26534065275774177
2016/1/7 21:05,0.2578468804054839
2016/1/7 21:10,0.3006490625825805
2016/1/7 21:15,0.297110736256129
2016/1/7 21:20,0.27705843322080637
2016/1/7 21:25,0.2802563385072581
2016/1/7 21:30,0.2604501455046774
2016/1/7 21:35,0.2508655881020967
2016/1/7 21:40,0.23823652838564502
2016/1/7 21:45,0.26882191321258064
2016/1/7 21:50,0.23733039811145154
2016/1/7 21:55,0.24140926853483868
2016/1/7 22:00,0.22906241743193548
2016/1/7 22:05,0.23989432906016128
2016/1/7 22:10,0.23681809698306433
2016/1/7 22:15,0.23238750085725804
2016/1/7 22:20,0.24283181436387086
2016/1/7 22:25,0.24963013072516113
2016/1/7 22:30,0.21346762695419347
2016/1/7 22:35,0.2221065660669354
2016/1/7 22:40,0.21237244723935478
2016/1/7 22:45,0.21047332348629028
2016/1/7 22:50,0.20789362507354833
2016/1/7 22:55,0.20430352333177418
2016/1/7 23:00,0.19766204807290325
2016/1/7 23:05,0.20461240831693545
2016/1/7 23:10,0.19262735042338705
2016/1/7 23:15,0.18879465370548393
2016/1/7 23:20,0.19099177396016123
2016/1/7 23:25,0.18114448625387078
2016/1/7 23:30,0.18482946159887076
2016/1/7 23:35,0.18045636409435484
2016/1/7 23:40,0.16358873963580645
2016/1/7 23:45,0.17312822708032255
2016/1/7 23:50,0.17625398946532253
2016/1/7 23:55,0.1620789131616129
2016/1/8 0:00,0.15283700534693545
2016/1/8 0:05,0.16935425047499994
2016/1/8 0:10,0.16229765854854836
2016/1/8 0:15,0.1799065776438709
2016/1/8 0:20,0.16279848751612883
2016/1/8 0:25,0.1529717660926288
2016/1/8 0:30,0.15158793456391934
2016/1/8 0:35,0.16299491652693562
2016/1/8 0:40,0.14448974046037086
2016/1/8 0:45,0.14141008093717736
2016/1/8 0:50,0.1443426116186935
2016/1/8 0:55,0.1369463189954032
2016/1/8 1:00,0.13784630078516127
2016/1/8 1:05,0.13733969055404838
2016/1/8 1:10,0.14443218275827419
2016/1/8 1:15,0.143730284709403
2016/1/8 1:20,0.13582861241006453
2016/1/8 1:25,0.1299208375631129
2016/1/8 1:30,0.14534183357311267
2016/1/8 1:35,0.1279525887570645
2016/1/8 1:40,0.12098331870909679
2016/1/8 1:45,0.1403581281273548
2016/1/8 1:50,0.1301949760031129
2016/1/8 1:55,0.13498026256375806
2016/1/8 2:00,0.1328120707067419
2016/1/8 2:05,0.14008313516614493
2016/1/8 2:10,0.12908860157264515
2016/1/8 2:15,0.12564825309140318
2016/1/8 2:20,0.13781899883816123
2016/1/8 2:25,0.13960611443170964
2016/1/8 2:30,0.133221909802
2016/1/8 2:35,0.14605125856798387
2016/1/8 2:40,0.13100497531441935
2016/1/8 2:45,0.15464380288293542
2016/1/8 2:50,0.13734716526108048
2016/1/8 2:55,0.13380691537553202
2016/1/8 3:00,0.13926323669503207
2016/1/8 3:05,0.12918225195046765
2016/1/8 3:10,0.13896819060816104
2016/1/8 3:15,0.13015560474037094
2016/1/8 3:20,0.1362566826783063
2016/1/8 3:25,0.15482689026882257
2016/1/8 3:30,0.17141213900209676
2016/1/8 3:35,0.18292875525290317
2016/1/8 3:40,0.18852427047145154
2016/1/8 3:45,0.20136486545532267
2016/1/8 3:50,0.20029460718096775
2016/1/8 3:55,0.1926290631677419
2016/1/8 4:00,0.1896927085387096
2016/1/8 4:05,0.1947697641479032
2016/1/8 4:10,0.2025205976598386
2016/1/8 4:15,0.2199921203899998
2016/1/8 4:20,0.21996911644161285
2016/1/8 4:25,0.24526726821596773
2016/1/8 4:30,0.24608467593709651
2016/1/8 4:35,0.2821117855337094
2016/1/8 4:40,0.33259397084790315
2016/1/8 4:45,0.3391310720772581
2016/1/8 4:50,0.3672482307983868
2016/1/8 4:55,0.3108625292856452
2016/1/8 5:00,0.2988882275588709
2016/1/8 5:05,0.2870850542269355
2016/1/8 5:10,0.32101948232580646
2016/1/8 5:15,0.3496857722822579
2016/1/8 5:20,0.379995411989516
2016/1/8 5:25,0.3983864464754839
2016/1/8 5:30,0.4033416989188709
2016/1/8 5:35,0.4532456959467742
2016/1/8 5:40,0.4353729242833869
2016/1/8 5:45,0.4997517797193546
2016/1/8 5:50,0.5349201043074193
2016/1/8 5:55,0.517999436126129
2016/1/8 6:00,0.48135035586564495
2016/1/8 6:05,0.446937446097258
2016/1/8 6:10,0.5192170015145161
2016/1/8 6:15,0.5333987507401612
2016/1/8 6:20,0.5417924233820969
2016/1/8 6:25,0.5385760029980646
2016/1/8 6:30,0.5661476351240322
2016/1/8 6:35,0.5955864793620967
2016/1/8 6:40,0.6520764639485482
2016/1/8 6:45,0.7000896470951613
2016/1/8 6:50,0.7345062977561289
2016/1/8 6:55,0.7010439811753225
2016/1/8 7:00,0.6099077641845161
2016/1/8 7:05,0.6709518118214516
2016/1/8 7:10,0.6543553736953224
2016/1/8 7:15,0.6274017029230645
2016/1/8 7:20,0.6238612499288709
2016/1/8 7:25,0.5662128757909675
2016/1/8 7:30,0.6168631631280644
2016/1/8 7:35,0.6376329653720966
2016/1/8 7:40,0.6598899259367743
2016/1/8 7:45,0.6533671231385482
2016/1/8 7:50,0.6768748576709678
2016/1/8 7:55,0.7004549190619354
2016/1/8 8:00,0.6832917625938709
2016/1/8 8:05,0.6602665610504841
2016/1/8 8:10,0.6945394795051612
2016/1/8 8:15,0.6649650608746775
2016/1/8 8:20,0.6450965031022581
2016/1/8 8:25,0.6467184481362902
2016/1/8 8:30,0.6958395070629032
2016/1/8 8:35,0.6640726349154837
2016/1/8 8:40,0.6737097685101614
2016/1/8 8:45,0.7163970585112902
2016/1/8 8:50,0.6923573264596775
2016/1/8 8:55,0.603311671066613
2016/1/8 9:00,0.5809597197095161
2016/1/8 9:05,0.6383819547545162
2016/1/8 9:10,0.6292055860014517
2016/1/8 9:15,0.5756679484885482
2016/1/8 9:20,0.6237447012109679
2016/1/8 9:25,0.6140289548041934
2016/1/8 9:30,0.5112247451067741
2016/1/8 9:35,0.5140369247575807
2016/1/8 9:40,0.5318272408096774
2016/1/8 9:45,0.5862738447798386
2016/1/8 9:50,0.5927617623808062
2016/1/8 9:55,0.5398866145990321
2016/1/8 10:00,0.5350887328638707
2016/1/8 10:05,0.5627100703309678
2016/1/8 10:10,0.573017031053871
2016/1/8 10:15,0.5898996450227418
2016/1/8 10:20,0.5153023993512903
2016/1/8 10:25,0.5055654513530644
2016/1/8 10:30,0.47278029351338713
2016/1/8 10:35,0.516118480455645
2016/1/8 10:40,0.4996290653235484
2016/1/8 10:45,0.5054341233082258
2016/1/8 10:50,0.49510951924790314
2016/1/8 10:55,0.4826931743187096
2016/1/8 11:00,0.4894747820208063
2016/1/8 11:05,0.49055167799370974
2016/1/8 11:10,0.504243531227258
2016/1/8 11:15,0.48955930466677405
2016/1/8 11:20,0.4907738529
2016/1/8 11:25,0.49391378914709655
2016/1/8 11:30,0.5120393788724195
2016/1/8 11:35,0.5064874495799998
2016/1/8 11:40,0.5022195695901612
2016/1/8 11:45,0.5171774636587095
2016/1/8 11:50,0.5106103126341933
2016/1/8 11:55,0.49432110068870944
2016/1/8 12:00,0.4949281406614515
2016/1/8 12:05,0.5402795591380644
2016/1/8 12:10,0.494017213582258
2016/1/8 12:15,0.48567560404790305
2016/1/8 12:20,0.4842930205669354
2016/1/8 12:25,0.48174344302274186
2016/1/8 12:30,0.49826584672064494
2016/1/8 12:35,0.4898887500504837
2016/1/8 12:40,0.5067401807480644
2016/1/8 12:45,0.5010925109591934
2016/1/8 12:50,0.49698607817177404
2016/1/8 12:55,0.5381427706896774
2016/1/8 13:00,0.5392141000512904
2016/1/8 13:05,0.47559481923322566
2016/1/8 13:10,0.5044275996759676
2016/1/8 13:15,0.502560683701774
2016/1/8 13:20,0.4975011446096775
2016/1/8 13:25,0.48695832170790304
2016/1/8 13:30,0.49618858986677417
2016/1/8 13:35,0.5218570808103226
2016/1/8 13:40,0.5348747045122579
2016/1/8 13:45,0.5072716211069352
2016/1/8 13:50,0.5424484115225806
2016/1/8 13:55,0.5463015804964516
2016/1/8 14:00,0.514178811950645
2016/1/8 14:05,0.4898887500504837
2016/1/8 14:10,0.42996201773516124
2016/1/8 14:15,0.4894231702514516
2016/1/8 14:20,0.48348401194854823
2016/1/8 14:25,0.46988449977096763
2016/1/8 14:30,0.48200661275854845
2016/1/8 14:35,0.48486933440483854
2016/1/8 14:40,0.5493688756632257
2016/1/8 14:45,0.6312923449182257
2016/1/8 14:50,0.6940246805151612
2016/1/8 14:55,0.645574041462742
2016/1/8 15:00,0.5239785599751611
2016/1/8 15:05,0.473817667819516
2016/1/8 15:10,0.4738231683299999
2016/1/8 15:15,0.4632067425543548
2016/1/8 15:20,0.4623740265061288
2016/1/8 15:25,0.4566802089188709
2016/1/8 15:30,0.45510815041999986
2016/1/8 15:35,0.45528532957919343
2016/1/8 15:40,0.45309178557435476
2016/1/8 15:45,0.4495578411558064
2016/1/8 15:50,0.43969011311854833
2016/1/8 15:55,0.44158597221177426
2016/1/8 16:00,0.4416072722990322
2016/1/8 16:05,0.4327130719751611
2016/1/8 16:10,0.4460538334158063
2016/1/8 16:15,0.45616260023870975
2016/1/8 16:20,0.45071557822870983
2016/1/8 16:25,0.4396135934208064
2016/1/8 16:30,0.4450132470208065
2016/1/8 16:35,0.4461126693808063
2016/1/8 16:40,0.4297749043796772
2016/1/8 16:45,0.4412552926819356
2016/1/8 16:50,0.45736433690612904
2016/1/8 16:55,0.40494064149467734
2016/1/8 17:00,0.44620345601725786
2016/1/8 17:05,0.43286884629661276
2016/1/8 17:10,0.4416232403930644
2016/1/8 17:15,0.4203579902337098
2016/1/8 17:20,0.44890563116370946
2016/1/8 17:25,0.4296386099245162
2016/1/8 17:30,0.4260554172883869
2016/1/8 17:35,0.4176794263288708
2016/1/8 17:40,0.41809145220306426
2016/1/8 17:45,0.4317219320045162
2016/1/8 17:50,0.4407946284491935
2016/1/8 17:55,0.41408334566725813
2016/1/8 18:00,0.4044058007109676
2016/1/8 18:05,0.3957782309704838
2016/1/8 18:10,0.3851970969785483
2016/1/8 18:15,0.3711109828114515
2016/1/8 18:20,0.3708153222285483
2016/1/8 18:25,0.3886006080756451
2016/1/8 18:30,0.3868179485890321
2016/1/8 18:35,0.400489654784516
2016/1/8 18:40,0.39182890686677413
2016/1/8 18:45,0.4006605362477417
2016/1/8 18:50,0.41145825657580654
2016/1/8 18:55,0.40284277857854844
2016/1/8 19:00,0.3755847124798387
2016/1/8 19:05,0.3804285034575805
2016/1/8 19:10,0.34957197834500003
2016/1/8 19:15,0.3818621166175807
2016/1/8 19:20,0.357677480117742
2016/1/8 19:25,0.35262079155225806
2016/1/8 19:30,0.3477456567646773
2016/1/8 19:35,0.36754673175225805
2016/1/8 19:40,0.34330091770983845
2016/1/8 19:45,0.3393318717696774
2016/1/8 19:50,0.33864071719209676
2016/1/8 19:55,0.37001035488661277
2016/1/8 20:00,0.3323442876606451
2016/1/8 20:05,0.32268615047129035
2016/1/8 20:10,0.32157542319209653
2016/1/8 20:15,0.32021994053741937
2016/1/8 20:20,0.3082903012416128
2016/1/8 20:25,0.3237157078054839
2016/1/8 20:30,0.3119331949683871
2016/1/8 20:35,0.30581452876854837
2016/1/8 20:40,0.2979905158006452
2016/1/8 20:45,0.29521507367999994
2016/1/8 20:50,0.2827081227933871
2016/1/8 20:55,0.31506216379032254
2016/1/8 21:00,0.2949347703122579
2016/1/8 21:05,0.30887135559016127
2016/1/8 21:10,0.28790106981322583
2016/1/8 21:15,0.30137875390661284
2016/1/8 21:20,0.29919375301693546
2016/1/8 21:25,0.27243050043451605
2016/1/8 21:30,0.29769890928370973
2016/1/8 21:35,0.28570729575032255
2016/1/8 21:40,0.28707641187241933
2016/1/8 21:45,0.2727477556737096
2016/1/8 21:50,0.27903183923145164
2016/1/8 21:55,0.26668734728096755
2016/1/8 22:00,0.255628382775484
2016/1/8 22:05,0.28008668010435483
2016/1/8 22:10,0.28008668010435483
2016/1/8 22:15,0.2884376495512901
2016/1/8 22:20,0.29167388271967737
2016/1/8 22:25,0.3003516049667742
2016/1/8 22:30,0.2901944248614516
2016/1/8 22:35,0.30926058833209674
2016/1/8 22:40,0.2903470718162903
2016/1/8 22:45,0.2918119902617742
2016/1/8 22:50,0.25038723743419355
2016/1/8 22:55,0.2759856332951613
2016/1/8 23:00,0.2612430249430645
2016/1/8 23:05,0.2441030628780645
2016/1/8 23:10,0.24798999402
2016/1/8 23:15,0.22617564388483868
2016/1/8 23:20,0.2314335500396774
2016/1/8 23:25,0.21887104167741928
2016/1/8 23:30,0.24537427415935498
2016/1/8 23:35,0.22483931289161285
2016/1/8 23:40,0.22144086893177412
2016/1/8 23:45,0.22289884762370962
2016/1/8 23:50,0.20167333173532234
2016/1/8 23:55,0.22149489655580643
2016/1/9 0:00,0.18840657333241928
2016/1/9 0:05,0.19906480420774195
2016/1/9 0:10,0.2078071998019355
2016/1/9 0:15,0.20322111791467742
2016/1/9 0:20,0.18738488532209685
2016/1/9 0:25,0.18613229201048367
2016/1/9 0:30,0.18226584049709657
2016/1/9 0:35,0.17933379185225803
2016/1/9 0:40,0.1767662016785482
2016/1/9 0:45,0.17094373495064516
2016/1/9 0:50,0.16957802432193547
2016/1/9 0:55,0.16614264567048387
2016/1/9 1:00,0.1658595780075806
2016/1/9 1:05,0.1651774716074192
2016/1/9 1:10,0.15655053258951604
2016/1/9 1:15,0.1594062082320968
2016/1/9 1:20,0.15465027998499997
2016/1/9 1:25,0.16092292428983865
2016/1/9 1:30,0.16964307944709672
2016/1/9 1:35,0.15770987183370966
2016/1/9 1:40,0.1513766938901612
2016/1/9 1:45,0.15042489736322573
2016/1/9 1:50,0.1547603024395161
2016/1/9 1:55,0.1514274951451611
2016/1/9 2:00,0.15459726775806434
2016/1/9 2:05,0.14090806358174182
2016/1/9 2:10,0.15048949226012898
2016/1/9 2:15,0.14488672403216127
2016/1/9 2:20,0.15949907634548383
2016/1/9 2:25,0.15878746356699994
2016/1/9 2:30,0.14552202165822556
2016/1/9 2:35,0.14502621584724185
2016/1/9 2:40,0.1468377718702903
2016/1/9 2:45,0.1455673366650645
2016/1/9 2:50,0.148789664618258
2016/1/9 2:55,0.13679571768359655
2016/1/9 3:00,0.1485817461697257
2016/1/9 3:05,0.13493040638262901
2016/1/9 3:10,0.13556856051879032
2016/1/9 3:15,0.13944569843493548
2016/1/9 3:20,0.13424379428343527
2016/1/9 3:25,0.14968252399441936
2016/1/9 3:30,0.14302458912882235
2016/1/9 3:35,0.16223373283274187
2016/1/9 3:40,0.17019657168225805
2016/1/9 3:45,0.1870209056629032
2016/1/9 3:50,0.15539425911387095
2016/1/9 3:55,0.15702723561919352
2016/1/9 4:00,0.15031782162048382
2016/1/9 4:05,0.15150668582256452
2016/1/9 4:10,0.14634708670883867
2016/1/9 4:15,0.15718358116387088
2016/1/9 4:20,0.15299815479048373
2016/1/9 4:25,0.15718358116387088
2016/1/9 4:30,0.17777635160935482
2016/1/9 4:35,0.19132896158612903
2016/1/9 4:40,0.20369201247258062
2016/1/9 4:45,0.22479332196241938
2016/1/9 4:50,0.22956437611064517
2016/1/9 4:55,0.20735581295822575
2016/1/9 5:00,0.18180575254419357
2016/1/9 5:05,0.17562983174080643
2016/1/9 5:10,0.17485826086032255
2016/1/9 5:15,0.18953538195016129
2016/1/9 5:20,0.21005417780629015
2016/1/9 5:25,0.22802348683435478
2016/1/9 5:30,0.23269342351338712
2016/1/9 5:35,0.2386354557838708
2016/1/9 5:40,0.2713609361038709
2016/1/9 5:45,0.2749934689398387
2016/1/9 5:50,0.28460864879209674
2016/1/9 5:55,0.24872218282483866
2016/1/9 6:00,0.23133896292354836
2016/1/9 6:05,0.21495183061887088
2016/1/9 6:10,0.23801952902999998
2016/1/9 6:15,0.24050963557645155
2016/1/9 6:20,0.255591897753871
2016/1/9 6:25,0.245477797136774
2016/1/9 6:30,0.2704280077785483
2016/1/9 6:35,0.28336592296854823
2016/1/9 6:40,0.30018849873258047
2016/1/9 6:45,0.31748432941693544
2016/1/9 6:50,0.31922371096661284
2016/1/9 6:55,0.2962905979577419
2016/1/9 7:00,0.28899463492629024
2016/1/9 7:05,0.2828181094908062
2016/1/9 7:10,0.2818470587867741
2016/1/9 7:15,0.30911098540451604
2016/1/9 7:20,0.3220844194133869
2016/1/9 7:25,0.3370791987408062
2016/1/9 7:30,0.33339865492645165
2016/1/9 7:35,0.34757890305225786
2016/1/9 7:40,0.37191268983129017
2016/1/9 7:45,0.3779599936241934
2016/1/9 7:50,0.3727555527077418
2016/1/9 7:55,0.3616852891793548
2016/1/9 8:00,0.36005931735935476
2016/1/9 8:05,0.35213612526274196
2016/1/9 8:10,0.3495264344267741
2016/1/9 8:15,0.3596076292793549
2016/1/9 8:20,0.3572771039964515
2016/1/9 8:25,0.3776970357006451
2016/1/9 8:30,0.39122293958806437
2016/1/9 8:35,0.41016370826822574
2016/1/9 8:40,0.446615842766129
2016/1/9 8:45,0.4271899553708065
2016/1/9 8:50,0.452265142277258
2016/1/9 8:55,0.4020389824806451
2016/1/9 9:00,0.39440250661564513
2016/1/9 9:05,0.3541394425441936
2016/1/9 9:10,0.37817983047596754
2016/1/9 9:15,0.3821739357933872
2016/1/9 9:20,0.3853997797129031
2016/1/9 9:25,0.3972287900108064
2016/1/9 9:30,0.4003939339754837
2016/1/9 9:35,0.42360335554129014
2016/1/9 9:40,0.4479235264895162
2016/1/9 9:45,0.437555226911129
2016/1/9 9:50,0.44372015435725815
2016/1/9 9:55,0.43226428180758064
2016/1/9 10:00,0.41306570434080636
2016/1/9 10:05,0.3990416232467742
2016/1/9 10:10,0.4007968372377419
2016/1/9 10:15,0.40528564639999987
2016/1/9 10:20,0.4077872176269354
2016/1/9 10:25,0.4154811597143546
2016/1/9 10:30,0.44120006413048374
2016/1/9 10:35,0.42506569147080653
2016/1/9 10:40,0.4262026142014516
2016/1/9 10:45,0.43760947204161305
2016/1/9 10:50,0.4169449197369355
2016/1/9 10:55,0.4357925569493548
2016/1/9 11:00,0.4174738291996775
2016/1/9 11:05,0.4096629174950001
2016/1/9 11:10,0.4006314146937095
2016/1/9 11:15,0.43867018552645154
2016/1/9 11:20,0.4451637787896772
2016/1/9 11:25,0.44014064640790335
2016/1/9 11:30,0.4515567519687096
2016/1/9 11:35,0.4521613171485483
2016/1/9 11:40,0.45625160850612917
2016/1/9 11:45,0.4674044163648386
2016/1/9 11:50,0.4365326372841934
2016/1/9 11:55,0.4534267533659676
2016/1/9 12:00,0.44374321516161275
2016/1/9 12:05,0.4375990008045159
2016/1/9 12:10,0.4445186283841934
2016/1/9 12:15,0.44377189996419364
2016/1/9 12:20,0.44582296830741924
2016/1/9 12:25,0.4422502663280646
2016/1/9 12:30,0.4390541155454838
2016/1/9 12:35,0.4668035249166129
2016/1/9 12:40,0.4547500098017741
2016/1/9 12:45,0.4771538001054837
2016/1/9 12:50,0.4528018386188709
2016/1/9 12:55,0.459943762949032
2016/1/9 13:00,0.4536710527175804
2016/1/9 13:05,0.4196953778643549
2016/1/9 13:10,0.418176305386613
2016/1/9 13:15,0.4223903730195161
2016/1/9 13:20,0.4529373228958065
2016/1/9 13:25,0.43833183806967735
2016/1/9 13:30,0.4239694208364514
2016/1/9 13:35,0.4376129609509677
2016/1/9 13:40,0.44437657231532246
2016/1/9 13:45,0.45337535400499984
2016/1/9 13:50,0.4292887654949999
2016/1/9 13:55,0.4232069749101612
2016/1/9 14:00,0.4303466582035482
2016/1/9 14:05,0.42522418544145146
2016/1/9 14:10,0.42856016201467734
2016/1/9 14:15,0.4270198168229032
2016/1/9 14:20,0.45867463673419345
2016/1/9 14:25,0.4259042720162902
2016/1/9 14:30,0.42733376314709676
2016/1/9 14:35,0.44304143025919346
2016/1/9 14:40,0.4543576142777418
2016/1/9 14:45,0.44582296830741924
2016/1/9 14:50,0.44231258413645147
2016/1/9 14:55,0.4204010798633872
2016/1/9 15:00,0.41618129136403226
2016/1/9 15:05,0.433182758348387
2016/1/9 15:10,0.4187748802687096
2016/1/9 15:15,0.4107459157125805
2016/1/9 15:20,0.4203410640201613
2016/1/9 15:25,0.4299507048354838
2016/1/9 15:30,0.4313637924806451
2016/1/9 15:35,0.4244370202485483
2016/1/9 15:40,0.42330202303016123
2016/1/9 15:45,0.41777860153903223
2016/1/9 15:50,0.42663311813903215
2016/1/9 15:55,0.43978556706629024
2016/1/9 16:00,0.4065480566806451
2016/1/9 16:05,0.40320060151822573
2016/1/9 16:10,0.4071974097883871
2016/1/9 16:15,0.4201314366274191
2016/1/9 16:20,0.4081310452119354
2016/1/9 16:25,0.4281363399935481
2016/1/9 16:30,0.4242993622548387
2016/1/9 16:35,0.4236760992403227
2016/1/9 16:40,0.40045631685419336
2016/1/9 16:45,0.40851794528161284
2016/1/9 16:50,0.41092170956209684
2016/1/9 16:55,0.3873437264454839
2016/1/9 17:00,0.40177270808290333
2016/1/9 17:05,0.3876971815419354
2016/1/9 17:10,0.4092561077672582
2016/1/9 17:15,0.40988052094629013
2016/1/9 17:20,0.38659185530177415
2016/1/9 17:25,0.39820302235451593
2016/1/9 17:30,0.40253825528758064
2016/1/9 17:35,0.39884497109903216
2016/1/9 17:40,0.4091948145051614
2016/1/9 17:45,0.4134749082690321
2016/1/9 17:50,0.41097729375177416
2016/1/9 17:55,0.40602532965516125
2016/1/9 18:00,0.38670344854774186
2016/1/9 18:05,0.38900449126564496
2016/1/9 18:10,0.3797709989179033
2016/1/9 18:15,0.3733124600795161
2016/1/9 18:20,0.3715738590824193
2016/1/9 18:25,0.40010430563903204
2016/1/9 18:30,0.36291146303338706
2016/1/9 18:35,0.3791568678137096
2016/1/9 18:40,0.39302059313064514
2016/1/9 18:45,0.36669434736887097
2016/1/9 18:50,0.37060564996290324
2016/1/9 18:55,0.35253239179274193
2016/1/9 19:00,0.331329741872258
2016/1/9 19:05,0.34504442275516106
2016/1/9 19:10,0.33736416134854835
2016/1/9 19:15,0.32195682703338707
2016/1/9 19:20,0.3429572164
2016/1/9 19:25,0.3213993132885484
2016/1/9 19:30,0.31212104329177415
2016/1/9 19:35,0.32469800195322573
2016/1/9 19:40,0.33011073486129033
2016/1/9 19:45,0.30966805971822575
2016/1/9 19:50,0.3128294808369353
2016/1/9 19:55,0.2929500620551613
2016/1/9 20:00,0.2973638309927419
2016/1/9 20:05,0.2872144577140321
2016/1/9 20:10,0.3013296505956449
2016/1/9 20:15,0.26724845400306446
2016/1/9 20:20,0.29658679190403225
2016/1/9 20:25,0.2925528368806451
2016/1/9 20:30,0.2723054197948387
2016/1/9 20:35,0.28213300336596775
2016/1/9 20:40,0.2792380962593548
2016/1/9 20:45,0.2711898333329032
2016/1/9 20:50,0.25987979616290324
2016/1/9 20:55,0.2787594023430645
2016/1/9 21:00,0.27603113721000005
2016/1/9 21:05,0.2836519732977419
2016/1/9 21:10,0.29745706934612903
2016/1/9 21:15,0.3161061375630645
2016/1/9 21:20,0.3112202513801613
2016/1/9 21:25,0.2973438019243548
2016/1/9 21:30,0.2997312292359677
2016/1/9 21:35,0.3114091271312903
2016/1/9 21:40,0.27796025800919355
2016/1/9 21:45,0.25987979616290324
2016/1/9 21:50,0.2883151888146773
2016/1/9 21:55,0.29354224625193526
2016/1/9 22:00,0.2599135313749998
2016/1/9 22:05,0.2761538717585484
2016/1/9 22:10,0.2689286161888708
2016/1/9 22:15,0.29046115667774186
2016/1/9 22:20,0.2847499647419354
2016/1/9 22:25,0.29606596502241933
2016/1/9 22:30,0.26365888242661284
